Name,URL,Description,Image
Sri Harmandir Sahib Live Kirtan,https://radio.sikhnet.com/proxy/channel9/live,"Sri Harmandir Sahib Live Kirtan radio by SGPC.net.Listen to Live Gurbani Kirtan from Shri Harmandir Sahib , Amritsar. And many more Gurbani Channels and Live from Darbar Sahib and The Golden Temple Live.Listen to Gurbani kirtan live every day from Sri Harimandir Sahib (Darbar Sahib or Golden Temple). Starting early morning and continuing till late night.",images/kirtan.jpg
Harman Radio,https://radio.sanbroz.com/radio/8000/radio.mp3,"Harman Radio Australia – First 24×7 live Punjabi webradio of Australia.Harman Radio Australia’s mission is to promote and develop our values, language & culture in multicultural society of our new home.  We want children born here to get knowledge and awareness about our golden heritage & culture and feel proud of it.Harman Radio Australia live streaming online only on Liveradios.in",images/harmanradio.jpg
Brit Asia Radio,https://s4.radio.co/sfefce156f/listen,"Brit Asia Radio will be playing the latest music, including the biggest current chart hits, as well as emerging music to support upcoming artists within the industry.
With week-to-week programming, BritAsia Radio presenters will also be bringing you the latest news updates, exclusive artist interviews, and bespoke playlists so that listeners never miss out on their favourite tracks.
Listen to Brit asia radio online on liveradios.in",images/britasiaradio.jpg
Radio Humsafar 1350 AM,https://ice66.securenetsystems.net/CIRF,Radio Humsafar is a radio network providing South Asian programming in Brampton Canada.radio Humsafar is a punjabi radio Station.Listen to Radio Humsafar live only on Liveradios.in,images/humsafar1310.jpg
Avtar Radio,https://radio.sanbroz.com/radio/8020/radio.mp3,Avtar Radio  is First Community Radio Broadcasting from the Village named Seechewal at 90.4 MHZ.Moto of the Radio is Voice of Environment.Listen to Avtar Radio  90.4 fm only on Liveradios.in,images/avtarradio.jpg
CJMR 1320,https://playerservices.streamtheworld.com/api/livestream-redirect/CJMRAMAAC.aac,"CJMR 1320 – “The Voice Of The City” – is a full time Multi-Cultural radio station carrying fifteen different languages weekly!
CJMR 1320 serves the Greater Toronto Area, and with over 650,000 people of South Asian background in our coverage area, CJMR 1320 is the biggest and most powerful broadcaster in the community with over 120 hours each week in Punjabi, Hindi, Urdu, and Gujarati!.Listen to CJMR 1320 live streaming online only on Liveradios.in",images/cjmr1320.gif
Gurbani Kirtan,https://gurbanikirtan.radioca.st/start.mp3,"Shabad Gurbani radio station that broadcasts devotional Sikh Gurbani Kirtan 24/7 online. A “MUST HAVE” phone app for anyone who enjoys Gurbani Kirtan anytime/anywhere.We broadcast at one of the highest bitrates for crystal clear sound.Choose channels, including Live Gurbani Kirtan from Gurdwaras around the world (Including Harmandir Sahib, Takhat Hazur Sahib)",images/gurbanikirtan.jpg
BBC Asian Network,https://stream.live.vc.bbcmedia.co.uk/bbc_asian_network,"BBC Asian Network is a British radio station operated by the BBC. BBC Asian Network target audience is people “with an interest in British Asian lifestyles”. The station has production centres in London and Birmingham.Asian Network plays the best in Asian music. We play big bhangra tracks, the freshest bollywood, the best RnB and hip hop and the hottest underground club mixes. And it’s all wrapped up with the latest news, entertainment and live events.Listen to BBC Asian Network radio online.",images/asian.jpg
Connect FM 91.5,https://stream.rcs.revma.com/ygxn9vgennruv,"Connect FM 91.5 Bringing you fresh perspective, credible information, and wholesome entertainment, Connect FM 91.5 MHz is Metro Vancouver’s newest ethnic voice!
As a new era of radio ushers in, Connect FM is your favourite trailblazer of unique and exciting radio. We are your new hub for news, local issues, entertainment, sports, literature, art and culture, and so much more! Connect FM is all about community, putting values, attitudes, and traditions with flare and energy added in at the forefront.,Connect FM will serve Metro Vancouver’s ethnically diverse communities living in Surrey and the seven neighboring municipalities of Burnaby, Coquitlam, Delta, Langley, Maple Ridge, New Westminster and Richmond.,Combining elements of education, empathy, and entertainment, Connect FM strives to strengthen the social fabric of community. It provides its listeners with relevant, engaging content, promoting the vision of Canada and reflecting on the interests, needs, challenges, and aspirations of varying groups and communities. Fostering a sense of belonging by its emphasis on connection, Connect FM builds bridges between people in many ways, from interculturally, between the young and younger, to the old and new. It unites voices with its focus, precision, and thorough research.,As a mixed-media company, Connect FM is the ultimate hub for those who crave more from media and broadcasting! Offering exciting new opportunities, content, discussions, and perspectives, it’s an incredible bridge for Vancouver communities at all ages and stages of life. Connect FM does exactly that—it connects.,Listen to Connect FM 91.5 live online only on Liveradios.in",images/connectfm.jpg
Gurdwara Dukh Niwaran Sahib,https://radio.sikhnet.com/proxy/channel10/live,"Listen to Gurbani kirtan live every day from Gurdwara Dukh Niwaran Sahib, Ludhiana. Starting early morning and continuing till late night.Tune to Gurdwara Dukh Niwaran Sahib online radio.",images/Gurdwara-Dukh-Niwaran-Sahib.jpg
Rang FM,https://canada.startradio.in:8000/radio.mp3,"RangFM is an online radio station broadcasting 24/7 music and radio jockey shows direct on the mobile devices through the official application and website.
Our motive to start this radio station is just to entertain you. We are trying our best to keep you tunein with RangFM through our shows, daily updates about things happening around, agriculture seminars, seminar on immigrate to overseas etc.
Phone: +91 98143 36554 Email: rangfmradio@gmail.com",images/rangfm.jpg
Indi Radio,https://canada.startradio.in:8010/radio.mp3,IndiRadio is an online radio station broadcasting worldwide. You can listen 24/7 hour unlimted Hindi and Punjabi music. You are not limited to access this Radio Channel because Your entertainment is our priority. Just download the official mobile applications and enjoy the music from any part of the world.,images/indiradio.jpg
Akash Radio Leeds,https://c2.radioboss.fm:8276/stream,"Akash Radio is an community radio station to listeners within the West Yorkshire area and worldwide on different platforms. Akash Radio, which is based in Leeds, originally started broadcasting on 1323 AM/MW and has many experience in the media industry profession.Akash Radio’s programmes appeal to the vast South Asian & Punjabi speaking population bringing to them a wide range of programmes, topics, music, news, views and religious sermons exclusively from Sri Darbar Sahib, Amritsar and in doing so has established a loyal and growing listenership and membership base. It continues to strive in bringing its listeners the very best in programming. Supported by its listeners, members, private organisations and the business community who advertise, Akash Radio reaches an audience on 1323 AM/MW in Leeds and Surrounding areas within Yorkshire. Also it offers online appealing to National advertisers who wish to reach the Asian audiences.Listen to Akash Radio Leeds online.",images/akashradioleeds.jpg
Sri Akhand Paath Sahib,https://radio.sikhnet.com/proxy/channel5/live,Listen to a continuous recitation of the Siri Guru Granth Sahib. This will play through the Akhand Paath unbroken in 5 different versions.Tune to Sri Akhand Paath Sahib radio station online live.,images/akhand-path.jpg
Radio Risham,https://stream.zeno.fm/4pd041xv1a0uv,Radio Risham 24×7 Indian Punjabi Radio Station from Australia.It is a Sydney and Melbourne based Indian Radio.There are always interesting radio shows to listen to on Radio Risham. Radio Risham is proud to serve the Australia with some of the most inspiring and engaging radio content out there. Tune in for some curated and high quality shows with us. Check out our schedule and never miss your favorite show again!.Listen to Radio Risham online.,images/radiorisham.jpg
